id,identity,category,url,title,published,period,acquired,status,sha256,path,note
5e0dccdecfd51e474097cb9d5db556c984b00f2a9d2fb66dcd7a260a7db1939d,TWSE:2449,annual_report,https://drive.google.com/file/d/1lCcVGWlMDdWY25o8X5aj6k-VrB1MvV42,京元電子 2024 年報（2025-05-27 股東常會，MOPS F04）,2025-05-27,"{""year"": 2024}",2026-10-02T18:58:02+08:00,full,a014a15fd7c3e9a0038c85aef28efc3e75f40d2176e977d20fe4bc532c87dd33,原始文件/a014a15fd7c3e9a0038c85aef28efc3e75f40d2176e977d20fe4bc532c87dd33.pdf,
0d22af3c7e2c394e1d58f953bf717ee2a0c7f8cf702b8c7cd1e488c584cc570f,TWSE:2449,annual_report,https://drive.google.com/file/d/1MWwj0K_ZsK88NP4c1EpgnophgkvWyx5_,京元電子 2025 年報（2026-05-29 股東常會，MOPS F04）,2026-05-29,"{""year"": 2025}",2026-10-02T18:58:02+08:00,full,52a5188b34aaf68697e5968fab0e6fcc1b945e2f73968e08332b3d56e44010b7,原始文件/52a5188b34aaf68697e5968fab0e6fcc1b945e2f73968e08332b3d56e44010b7.pdf,
a98e5c03ba967167b6d40045933457211a8084a4d8c38e8ce3b533454a21227b,TWSE:2449,earnings_call,https://money.udn.com/money/story/5710/9478033,經濟日報：京元電營運升溫有機會年增約四成，資本支出二度上修至 500 億,2026-04,,2026-10-02T18:58:02+08:00,blocked,,,"capex 500 億、產能增 30–50% 為媒體轉述；公司年報 p.105 列 115 年預計建廠及機器設備 39,371,628 千元"
9617ed870fa29753db3acdcb89aa5ea8b8941e971fb1a948542a7dc582814358,TWSE:2449,filing,https://drive.google.com/file/d/1MfgQA5DHe6ukGI5dckwqlRIsM2bLCX9q,京元電子 115Q2 合併財務報告（MOPS 202602_2449_AI1）,2026-08-07,"{""year"": 2026, ""quarter"": 2}",2026-10-02T18:58:02+08:00,full,6d10a8da405b108ee85a2a2fa387da92c5e8148b8b010fb810f9b041dfd73000,原始文件/6d10a8da405b108ee85a2a2fa387da92c5e8148b8b010fb810f9b041dfd73000.pdf,
5e63edc68c524d256be01e6b8a381e437263b47b8372f8d73d538610e56c00c2,TWSE:2449,financials,https://bigdata.com,Bigdata.com 京元電子 company tearsheet（FMP：季度損益、資產負債、現金流、2026-10-02 收盤 295.5）,2026-10-02,,2026-10-02T18:58:02+08:00,metadata,,,25Q3–25Q4 單季數字與股價、TTM PE/PB；未以 MOPS 原檔逐項核對
d024c0fda4d5682143180133d08efeda3a14658d7177cf335cad8d0602011e31,TWSE:2449,identity,https://mops.twse.com.tw/,公開資訊觀測站（環境網路政策封鎖，未取得）,,,2026-10-02T18:58:02+08:00,blocked,,,verify-identity 待本機執行；財報封面公司名、地址與代號 2449 已核對
0af27109528c7b02e86d1711415365fb498ecd4ae6cf668f73df662d64eddc6b,TWSE:2449,model,https://drive.google.com/file/d/1uBaGGruNJj16206k7Blp8hfyFkOzN3i4/view,投資組合_2026_09_11_updated.xlsx（CPO概念表京元電子列、Anchor設定、季報調節）,2026-09-11,,2026-10-02T18:58:02+08:00,metadata,,,"1–8月營收 29,404,354 千元；錨定 00891 PE 28、大盤 31.26／17；股本欄 12,838,824（含 8/3 除權股票股利）"
80f429bf5b7fec2b272a858a1328d2923c6a1c2cde7ac65735f0ae5e7fe4d7cf,TWSE:2449,monthly_revenue,https://news.cnyes.com/news/id/6599567,鉅亨網營收速報：京元電子 8 月營收 40.80 億元，年增 31.58%，1–8 月 294.04 億（+35.5%）,2026-09-07,,2026-10-02T18:58:02+08:00,blocked,,,雲端網路政策擋下，僅搜尋摘要；1–8 月累計與 workbook 一致
473b17f3b0cd0ebf356060d292294ac595f8d4ef973795165c843cd5a44c215a,TWSE:2449,news,https://www.ftnn.com.tw/news/569059,FTNN：輝達 Rubin 出貨延後，京元電目標價調至 330 元，法人看俏 Burn-in,2026-09,,2026-10-02T18:58:02+08:00,blocked,,,法人觀點，僅作催化與風險參考，不進模型
